<?xml version="1.0" encoding="utf-8" standalone="no" ?>
<modDesc descVersion="92">
    <author>Paragould Gamer </author>
    <version>1.0.0.0</version>
    <title>
        <en>EC380DL Turbo</en>
		<de>EC380DL Turbo</de>
    </title>
    <iconFilename>store_ec380DL.dds</iconFilename>
	<multiplayer supported="false" />
	<description>
		<de>
			<![CDATA[EC380DL For DLC]]>
		</de>
		<en>
			<![CDATA[EC380DL For DLC]]>
		</en>
	</description>
    <storeItems>
        <storeItem xmlFilename="ec380DL_Turbo.xml"/>
    </storeItems>


	
	  <vehicleTypes>
	 <type name="forestryExcavator">
     </type>
	</vehicleTypes>
	
	

</modDesc>
