<?xml version="1.0" encoding="utf-8" standalone="no" ?>
<modDesc descVersion="92">
    <author>Paragould Gamer </author>
    <version>1.0.0.0</version>
    <title>
        <en>skh60 Turbo</en>
		<de>skh60 Turbo</de>
    </title>
    <iconFilename>store_skh60.dds</iconFilename>
	<multiplayer supported="false" />
	<description>
		<de>
			<![CDATA[skh60 For DLC]]>
		</de>
		<en>
			<![CDATA[skh60 For DLC]]>
		</en>
	</description>
    <storeItems>
        <storeItem xmlFilename="skh60_Turbo.xml"/>
    </storeItems>


	
	  <vehicleTypes>
	 <type name="tractor">
     </type>
	</vehicleTypes>
	
	

</modDesc>
